{
    "name": "pipeline2",
    "properties": {
        "activities": [
            {
                "name": "GetListOfFiles",
                "type": "Lookup",
                "dependsOn": [],
                "policy": {
                    "timeout": "0.12:00:00",
                    "retry": 0,
                    "retryIntervalInSeconds": 30,
                    "secureOutput": false,
                    "secureInput": false
                },
                "userProperties": [],
                "typeProperties": {
                    "source": {
                        "type": "AzureSqlSource",
                        "sqlReaderQuery": "SELECT File_Name, File_Delimiter, Target_Table from File_Loading_List",
                        "queryTimeout": "02:00:00",
                        "partitionOption": "None"
                    },
                    "dataset": {
                        "referenceName": "random_datasql",
                        "type": "DatasetReference",
                        "parameters": {
                            "TableName": "File_Loading_List"
                        }
                    },
                    "firstRowOnly": false
                }
            },
            {
                "name": "ForEach1",
                "type": "ForEach",
                "dependsOn": [
                    {
                        "activity": "GetListOfFiles",
                        "dependencyConditions": [
                            "Succeeded"
                        ]
                    }
                ],
                "userProperties": [],
                "typeProperties": {
                    "items": {
                        "value": "@activity('GetListOfFiles').output.value",
                        "type": "Expression"
                    },
                    "isSequential": true,
                    "activities": [
                        {
                            "name": "Copy data1",
                            "type": "Copy",
                            "dependsOn": [],
                            "policy": {
                                "timeout": "0.12:00:00",
                                "retry": 0,
                                "retryIntervalInSeconds": 30,
                                "secureOutput": false,
                                "secureInput": false
                            },
                            "userProperties": [],
                            "typeProperties": {
                                "source": {
                                    "type": "DelimitedTextSource",
                                    "storeSettings": {
                                        "type": "AzureBlobFSReadSettings",
                                        "recursive": true,
                                        "enablePartitionDiscovery": false
                                    },
                                    "formatSettings": {
                                        "type": "DelimitedTextReadSettings"
                                    }
                                },
                                "sink": {
                                    "type": "AzureSqlSink",
                                    "writeBehavior": "insert",
                                    "sqlWriterUseTableLock": false,
                                    "tableOption": "autoCreate",
                                    "disableMetricsCollection": false
                                },
                                "enableStaging": false,
                                "translator": {
                                    "type": "TabularTranslator",
                                    "typeConversion": true,
                                    "typeConversionSettings": {
                                        "allowDataTruncation": true,
                                        "treatBooleanAsNumber": false
                                    }
                                }
                            },
                            "inputs": [
                                {
                                    "referenceName": "DelimitedText1",
                                    "type": "DatasetReference",
                                    "parameters": {
                                        "File_Name": {
                                            "value": "@item().File_Name",
                                            "type": "Expression"
                                        },
                                        "File_Delimiter": {
                                            "value": "@item().File_Delimiter",
                                            "type": "Expression"
                                        },
                                        "Target_Table": {
                                            "value": "@item().Target_Table",
                                            "type": "Expression"
                                        }
                                    }
                                }
                            ],
                            "outputs": [
                                {
                                    "referenceName": "random_datasql",
                                    "type": "DatasetReference",
                                    "parameters": {
                                        "TableName": {
                                            "value": "@item().Target_Table",
                                            "type": "Expression"
                                        }
                                    }
                                }
                            ]
                        }
                    ]
                }
            }
        ],
        "annotations": [],
        "lastPublishTime": "2024-03-03T16:55:05Z"
    },
    "type": "Microsoft.DataFactory/factories/pipelines"
}