{
    "now": "2024-03-07T19:59:05.218Z",
    "perfNow": 3828554.9000000954,
    "diagnosticCorrelation": "db0afb5f-5f5e-4c75-89cc-7c47e3600cf8",
    "source": "DownloadSupportFiles",
    "environment": {
        "productName": "adf",
        "buildVersion": "1.0.021624.1",
        "environmentType": 3,
        "resourceName": "assignspring7370",
        "resourceRegion": "eastus",
        "resourceGroup": "DAMG7370",
        "subscriptionId": "619d8e1a-7063-4af7-b433-e32bc6ddb555",
        "sessionId": "xPR6AANsqaGj1W7BDGMuQt",
        "operationId": "",
        "gitType": "live",
        "loggingKey": "9241b9b1-77af-4171-85e4-63f09b31687f"
    },
    "additionalInfo": {
        "selectedResource": "pipeline2",
        "selectedResourceType": "pipeline"
    }
}