{
    "name": "random_datasql",
    "properties": {
        "linkedServiceName": {
            "referenceName": "ls_sqldb2024",
            "type": "LinkedServiceReference"
        },
        "parameters": {
            "TableName": {
                "type": "string"
            }
        },
        "annotations": [],
        "type": "AzureSqlTable",
        "schema": [],
        "typeProperties": {
            "schema": "dbo",
            "table": {
                "value": "@dataset().TableName",
                "type": "Expression"
            }
        }
    },
    "type": "Microsoft.DataFactory/factories/datasets"
}